<?xml version="1.0" encoding="UTF-8"?>

<ValueSet xmlns="http://hl7.org/fhir">
	<id value="no-bodyexposure-valueset"/> 
	<meta> 
		<lastUpdated value="2018-12-27T22:37:54.724+11:00"/> 
		<profile value="http://hl7.org/fhir/StructureDefinition/shareablevalueset"/> 
	</meta> 	
	<extension url="http://hl7.org/fhir/StructureDefinition/structuredefinition-wg">
		<valueCode value="fhir"/> 
	</extension> 
	<extension url="http://hl7.org/fhir/StructureDefinition/structuredefinition-standards-status">
		<valueCode value="draft"/> 
	</extension> 
	<extension url="http://hl7.org/fhir/StructureDefinition/structuredefinition-fmm">
		<valueInteger value="1"/> 
	</extension> 
	<url value="http://hl7.no/fhir/ValueSet/no-bodyexposure-valueset"/> 
	<identifier> 
		<system value="urn:ietf:rfc:3986"/> 
		<value value="urn:oid:2.16.840.1.113883.4.642.3.316"/> 
	</identifier> 
	<version value="4.0.0"/> 
	<name value="NoBodyExposureValueSet"/> 
	<title value="Codes representing level of body exposure (measuring BodyTemp)"/> 
	<status value="draft"/> 
	<experimental value="false"/> 
	<date value="2019-09-20T11:00:00+02:00"/> 
	<publisher value=""/> 
	<description value="Codes representing level of body exposure (measuring BodyTemp)"/> 
	<compose> 
		<include> 
			<system value="http://snomed.info/sct"/>
			<concept> 
				<code value="XX"/> 
				<display value="Naken"/> 
			</concept>
			<concept> 
				<code value="XX"/> 
				<display value="Redusert påkledning/tildekking"/> 
			</concept>
			<concept> 
				<code value="XX"/> 
				<display value="Passende påkledning/tildekking"/> 
			</concept>
			<concept> 
				<code value="XX"/> 
				<display value="Økt påkledning/tildekking"/> 
			</concept>
		</include> 
	</compose> 
</ValueSet> 