<?xml version="1.0" encoding="utf-8"?>
<ValueSet xmlns="http://hl7.org/fhir">
  <id value="no-bodysite-valueset" />
  <meta>
    <lastUpdated value="2018-12-27T22:37:54.724+11:00" />
    <profile value="http://hl7.org/fhir/StructureDefinition/shareablevalueset" />
  </meta>  
  <extension url="http://hl7.org/fhir/StructureDefinition/structuredefinition-wg">
    <valueCode value="oo" />
  </extension>
  <extension url="http://hl7.org/fhir/StructureDefinition/structuredefinition-standards-status">
    <valueCode value="draft" />
  </extension>
  <extension url="http://hl7.org/fhir/StructureDefinition/structuredefinition-fmm">
    <valueInteger value="1" />
  </extension>
  <url value="http://hl7.no/fhir/ValueSet/no-bodysite-valueset" />
  <version value="4.0.0" />
  <name value="NoBodySiteValueSet" />
  <title value="no-bodysite-valueset" />
  <status value="draft" />
  <experimental value="false" />
  <date value="2018-12-27T22:37:54+11:00" />
  <publisher value="" />
  <contact>
    <telecom>
      <system value="url" />
      <value value="http://hl7.org/fhir" />
    </telecom>
  </contact>
  <description value="This value set includes all codes from [SNOMED CT](http://snomed.info/sct) where concept    is-a 424724000 (Anatomical or acquired body site (body structure))." />
  <copyright value="This resource includes content from SNOMED Clinical TermsÂ® (SNOMED CTÂ®) which is copyright    of the International Health Terminology Standards Development Organisation (IHTSDO). Implementers    of these specifications must have the appropriate SNOMED CT Affiliate license - for more    information contact http://www.snomed.org/snomed-ct/get-snomed-ct or info@snomed.org" />
  <compose>
    <include>
      <system value="http://snomed.info/sct" />
      <concept>
        <code value="1*1" />
        <display value="Rectum" />
      </concept>
      <concept>
        <code value="1*2" />
        <display value="Armpit" />
      </concept>
      <concept>
        <code value="1*3" />
        <display value="Ear" />
      </concept>
	  <concept>
        <code value="1*4" />
        <display value="Pan" />
      </concept>
	   <concept>
        <code value="1*5" />
        <display value="Mouth" />
      </concept>
      <concept>
        <code value="1*6" />
        <display value="Nose Swallow" />
      </concept>
      <concept>
        <code value="1*7" />
        <display value="Urinary bladder" />
      </concept>
	  <concept>
        <code value="1*8" />
        <display value="Intravascularly" />
      </concept>
	   <concept>
        <code value="1*9" />
        <display value="Skin" />
      </concept>
      <concept>
        <code value="1*10" />
        <display value="Sheath" />
      </concept>
      <concept>
        <code value="1*11" />
        <display value="Esophagus" />
      </concept>
	  <concept>
        <code value="1*12" />
        <display value="Groin" />
      </concept>
	  <concept>
        <code value="1*13" />
        <display value="Temple" />
      </concept>
	  <concept>
        <code value="1*14" />
        <display value="Preduktal" />
      </concept>
      <concept>
        <code value="1*15" />
        <display value="Post Tablecloth Reservation" />
      </concept>
      <concept>
        <code value="1*3" />
        <display value="Nondescript" />
      </concept>
	  <concept>
        <code value="2*1" />
        <display value="Brachialisarterien, left" />
      </concept>
	  <concept>
        <code value="2*2" />
        <display value="Brachialisarterien, right" />
      </concept>
	  <concept>
        <code value="2*3" />
        <display value="Carotisarterien, left" />
      </concept>
	  <concept>
        <code value="2.4" />
        <display value="Carotisarterien, right" />
      </concept>
	  <concept>
        <code value="2.5" />
        <display value="Femoralisarterien, left" />
      </concept>
	  <concept>
        <code value="2.6" />
        <display value="Femoralisarterien, right" />
      </concept>
	  <concept>
        <code value="2.7" />
        <display value="Finger" />
      </concept>
	  <concept>
        <code value="2.8" />
        <display value="Heart" />
      </concept>
	  <concept>
        <code value="2.9" />
        <display value="Finger" />
      </concept>
	  <concept>
        <code value="2.10" />
        <display value="The RADIUS inheritance, left" />
      </concept>
	  <concept>
        <code value="2.11" />
        <display value="The RADIUS inheritance, right" />
      </concept>
	  <concept>
        <code value="2.12" />
        <display value="Toe" />
      </concept>
	  <concept>
        <code value="2.13" />
        <display value="Earlobe" />
      </concept>
	  <concept>
        <code value="2.10" />
        <display value="The RADIUS inheritance, left" />
      </concept>
	  <concept>
        <code value="3*1" />
        <display value="Upper arm,right" />
      </concept>
      <concept>
        <code value="3*2" />
        <display value="Upper Arm Left" />
      </concept>
      <concept>
        <code value="3*3" />
        <display value="Thigh,right" />
      </concept>
      <concept>
        <code value="3*4" />
        <display value="Thigh,left" />
      </concept>
      <concept>
        <code value="3*5" />
        <display value="Wrist,right" />
      </concept>
      <concept>
        <code value="3*6" />
        <display value="Wrist,left" />
      </concept>
	   <concept>
        <code value="3*7" />
        <display value="Ankle,right" />
      </concept>
	  <concept>
        <code value="3*8" />
        <display value="Finger" />
      </concept>
	  <concept>
        <code value="3*9" />
        <display value="Ankle,left" />
      </concept>
	  <concept>
        <code value="3*10" />
        <display value="Toe" />
      </concept>
	  <concept>
        <code value="1*11" />
        <display value="Fotrygg" />
      </concept><concept>
        <code value="1*12" />
        <display value="Intra-Arterial" />
      </concept>
      <filter>
        <property value="concept" />
        <op value="is-a" />
        <value value="424724000" />
      </filter>
    </include>
  </compose>
</ValueSet>