<?xml version="1.0" encoding="utf-8"?>
<ValueSet xmlns="http://hl7.org/fhir">
  <id value="no-measurementmethod-valueSet" />
  <meta>
    <lastUpdated value="2018-12-27T22:37:54.724+11:00" />
    <profile value="http://hl7.org/fhir/StructureDefinition/shareablevalueset" />
  </meta>
  <extension url="http://hl7.org/fhir/StructureDefinition/structuredefinition-wg">
    <valueCode value="oo" />
  </extension>
  <extension url="http://hl7.org/fhir/StructureDefinition/structuredefinition-standards-status">
    <valueCode value="draft" />
  </extension>
  <extension url="http://hl7.org/fhir/StructureDefinition/structuredefinition-fmm">
    <valueInteger value="1" />
  </extension>
  <url value="http://hl7.no/fhir/ValueSet/no-measurementmethod-valueSet" />
  <version value="4.0.0" />
  <name value="NoMeasurementMethodValueSet" />
  <title value="SNOMED CT Body Structures" />
  <status value="draft" />
  <experimental value="false" />
  <date value="2018-12-27T22:37:54+11:00" />
  <publisher value="" />
  <contact>
    <telecom>
      <system value="url" />
      <value value="http://hl7.org/fhir" />
    </telecom>
  </contact>
  <description value="This value set includes all codes from [SNOMED CT](http://snomed.info/sct) where concept    is-a 424724000 (Anatomical or acquired body site (body structure))." />
  <copyright value="This resource includes content from SNOMED Clinical TermsÂ® (SNOMED CTÂ®) which is copyright    of the International Health Terminology Standards Development Organisation (IHTSDO). Implementers    of these specifications must have the appropriate SNOMED CT Affiliate license - for more    information contact http://www.snomed.org/snomed-ct/get-snomed-ct or info@snomed.org" />
  <compose>
    <include>
      <system value="http://snomed.info/sct" />
      <concept>
        <code value="1*1" />
        <display value="Auscultation" />
      </concept>
      <concept>
        <code value="1*2" />
        <display value="Palpation" />
      </concept>
      <concept>
        <code value="1*3" />
        <display value="Automatic,non-invasively" />
      </concept>
	  <concept>
        <code value="1*4" />
        <display value="Automatic,invasively" />
      </concept>
      <filter>
        <property value="concept" />
        <op value="is-a" />
        <value value="424724000" />
      </filter>
    </include>
  </compose>
</ValueSet>