<?xml version="1.0" encoding="utf-8"?>
<StructureDefinition xmlns="http://hl7.org/fhir">
  <id value="heartrate" />
  <text>
    <status value="generated" />
    <div xmlns="http://www.w3.org/1999/xhtml">
      <p>The narrative has been removed to reduce the size of the distribution of the Hl7.Fhir.Specification library</p>
    </div>
  </text>
  <extension url="http://hl7.org/fhir/StructureDefinition/structuredefinition-summary">
    <valueMarkdown value="####Complete Summary of the Mandatory Requirements&#xD;&#xD;1.  One code in `Observation.code` which must have&#xD;    -   a fixed `Observation.code.coding.system`=**'http ://loinc.org'**&#xD;    -   a fixed  `Observation.code.coding.code`= **'8867-4'**&#xD;    -   Other additional codes are allowed - e.g. more specific LOINC&#xD;        Codes, SNOMED CT concepts, system specific codes. All codes&#xD;        SHALL have an system value&#xD;2.  a fixed`Observation.valueQuantity.code` = **'/min'**" />
  </extension>
  <url value="http://hl7.org/fhir/StructureDefinition/heartrate" />
  <name value="HeartRate" />
  <title value="VitalSigns" />
  <status value="draft" />
  <experimental value="false" />
  <publisher value="Health Level Seven International (Orders and Observations Workgroup)" />
  <contact>
    <telecom>
      <system value="url" />
      <value value="http://www.hl7.org/Special/committees/orders/index.cfm Orders and Observations" />
    </telecom>
  </contact>
  <description value="FHIR Heart Rate Profile" />
  <fhirVersion value="3.0.0" />
  <mapping>
    <identity value="workflow" />
    <uri value="http://hl7.org/fhir/workflow" />
    <name value="Workflow Mapping" />
  </mapping>
  <mapping>
    <identity value="sct-concept" />
    <uri value="http://snomed.info/conceptdomain" />
    <name value="SNOMED CT Concept Domain Binding" />
  </mapping>
  <mapping>
    <identity value="v2" />
    <uri value="http://hl7.org/v2" />
    <name value="HL7 v2 Mapping" />
  </mapping>
  <mapping>
    <identity value="rim" />
    <uri value="http://hl7.org/v3" />
    <name value="RIM Mapping" />
  </mapping>
  <mapping>
    <identity value="w5" />
    <uri value="http://hl7.org/fhir/w5" />
    <name value="W5 Mapping" />
  </mapping>
  <mapping>
    <identity value="sct-attr" />
    <uri value="http://snomed.info/sct" />
    <name value="SNOMED CT Attribute Binding" />
  </mapping>
  <kind value="resource" />
  <abstract value="false" />
  <type value="Observation" />
  <baseDefinition value="http://hl7.org/fhir/StructureDefinition/vitalsigns" />
  <derivation value="constraint" />
  <differential>
    <element id="Observation">
      <path value="Observation" />
      <short value="FHIR Heart Rate Profile" />
      <definition value="This profile defines how to represent heart rate observations in FHIR using a standard LOINC code and UCUM units of measure." />
    </element>
    <element id="Observation.code">
      <path value="Observation.code" />
      <short value="Heart Rate" />
      <definition value="Heart Rate." />
      <comment value="additional codes that translate or map to this code are allowed.  For example a more granular LOINC code or code that is used locally in a system." />
      <alias value="Test" />
    </element>
    <element id="Observation.code.coding">
      <path value="Observation.code.coding" />
      <slicing>
        <discriminator>
          <type value="value" />
          <path value="code" />
        </discriminator>
        <ordered value="false" />
        <rules value="open" />
      </slicing>
    </element>
    <element id="Observation.code.coding:HeartRateCode">
      <path value="Observation.code.coding" />
      <sliceName value="HeartRateCode" />
    </element>
    <element id="Observation.code.coding:HeartRateCode.system">
      <path value="Observation.code.coding.system" />
      <fixedUri value="http://loinc.org" />
    </element>
    <element id="Observation.code.coding:HeartRateCode.code">
      <path value="Observation.code.coding.code" />
      <fixedCode value="8867-4" />
    </element>
    <element id="Observation.value[x]:valueQuantity">
      <path value="Observation.value[x]" />
      <sliceName value="valueQuantity" />
    </element>
    <element id="Observation.value[x]:valueQuantity.code">
      <path value="Observation.value[x].code" />
      <fixedCode value="/min" />
    </element>
    <element id="Observation.component.value[x]:valueQuantity">
      <path value="Observation.component.value[x]" />
      <sliceName value="valueQuantity" />
    </element>
  </differential>
</StructureDefinition>