<?xml version="1.0" encoding="utf-8"?>
<StructureDefinition xmlns="http://hl7.org/fhir">
  <url value="http://example.org/fhir/StructureDefinition/HNBloodPressure" />
  <name value="HNBloodPressure" />
  <status value="draft" />
  <fhirVersion value="3.0.1" />
  <kind value="resource" />
  <abstract value="false" />
  <type value="Observation" />
  <baseDefinition value="http://hl7.org/fhir/StructureDefinition/bp" />
  <derivation value="constraint" />
  <differential>
    <element id="Observation.extension">
      <path value="Observation.extension" />
      <slicing>
        <discriminator>
          <type value="value" />
          <path value="url" />
        </discriminator>
        <rules value="open" />
      </slicing>
    </element>
    <element id="Observation.extension:bodyPosition">
      <path value="Observation.extension" />
      <sliceName value="bodyPosition" />
      <min value="0" />
      <max value="1" />
      <type>
        <code value="Extension" />
        <profile value="http://hl7.org/fhir/StructureDefinition/observation-bodyPosition" />
      </type>
    </element>
    <element id="Observation.extension:bodyPosition.valueCodeableConcept:valueCodeableConcept">
      <path value="Observation.extension.valueCodeableConcept" />
      <sliceName value="valueCodeableConcept" />
    </element>
    <element id="Observation.extension:levelofexertion">
      <path value="Observation.extension" />
      <sliceName value="levelofexertion" />
      <min value="0" />
      <max value="1" />
      <type>
        <code value="Extension" />
        <profile value="http://example.org/fhir/StructureDefinition/HNExertion" />
      </type>
    </element>
    <element id="Observation.extension:sleepstatus">
      <path value="Observation.extension" />
      <sliceName value="sleepstatus" />
      <min value="0" />
      <max value="1" />
      <type>
        <code value="Extension" />
        <profile value="http://example.org/fhir/StructureDefinition/HNSleepStatus" />
      </type>
    </element>
    <element id="Observation.extension:headtiltangle">
      <path value="Observation.extension" />
      <sliceName value="headtiltangle" />
      <min value="0" />
      <max value="1" />
      <type>
        <code value="Extension" />
        <profile value="http://example.org/fhir/StructureDefinition/HNHeadTilt" />
      </type>
    </element>
    <element id="Observation.extension:diastolicendpoint">
      <path value="Observation.extension" />
      <sliceName value="diastolicendpoint" />
      <type>
        <code value="Extension" />
        <profile value="http://example.org/fhir/StructureDefinition/HNDiastolicEndpoint" />
      </type>
    </element>
    <element id="Observation.code.coding:CuffSizeCode">
      <path value="Observation.code.coding" />
      <sliceName value="CuffSizeCode" />
    </element>
    <element id="Observation.code.coding:CuffSizeCode.system">
      <path value="Observation.code.coding.system" />
      <fixedUri value="http://loinc.org" />
    </element>
    <element id="Observation.code.coding:CuffSizeCode.code">
      <path value="Observation.code.coding.code" />
      <fixedCode value="8358-4" />
    </element>
  </differential>
</StructureDefinition>