<?xml version="1.0" encoding="utf-8"?>
<StructureDefinition xmlns="http://hl7.org/fhir">
  <url value="http://example.org/fhir/StructureDefinition/HNBodyHeight" />
  <name value="HNBodyHeight" />
  <status value="draft" />
  <fhirVersion value="3.0.1" />
  <kind value="resource" />
  <abstract value="false" />
  <type value="Observation" />
  <baseDefinition value="http://hl7.org/fhir/StructureDefinition/bodyheight" />
  <derivation value="constraint" />
  <differential>
    <element id="Observation.code.coding:BodyLengthCode">
      <path value="Observation.code.coding" />
      <sliceName value="BodyLengthCode" />
    </element>
    <element id="Observation.code.coding:BodyLengthCode.system">
      <path value="Observation.code.coding.system" />
      <fixedUri value="http://loinc.org" />
    </element>
    <element id="Observation.code.coding:BodyLengthCode.code">
      <path value="Observation.code.coding.code" />
      <fixedCode value="8306-1" />
    </element>
  </differential>
</StructureDefinition>