<?xml version="1.0" encoding="utf-8"?>
<StructureDefinition xmlns="http://hl7.org/fhir">
  <url value="http://example.org/fhir/StructureDefinition/HNEnvironment" />
  <name value="HNEnvironment" />
  <status value="draft" />
  <fhirVersion value="3.0.1" />
  <kind value="complex-type" />
  <abstract value="false" />
  <contextType value="resource" />
  <context value="Observation" />
  <type value="Extension" />
  <baseDefinition value="http://hl7.org/fhir/StructureDefinition/Extension" />
  <derivation value="constraint" />
  <differential>
    <element id="Extension">
      <path value="Extension" />
      <short value="Optional Extensions Element" />
      <definition value="Optional Extension Element - found in all resources." />
      <constraint>
        <key value="ext-1" />
        <severity value="error" />
        <human value="Must have either extensions or value[x], not both" />
        <expression value="extension.exists() != value.exists()" />
        <xpath value="exists(f:extension)!=exists(f:*[starts-with(local-name(.), 'value')])" />
      </constraint>
      <mapping>
        <identity value="rim" />
        <map value="N/A" />
      </mapping>
    </element>
    <element id="Extension.url">
      <path value="Extension.url" />
      <fixedUri value="http://example.org/fhir/StructureDefinition/HNEnvironment" />
    </element>
    <element id="Extension.value[x]:valueReference">
      <path value="Extension.valueReference" />
      <sliceName value="valueReference" />
      <type>
        <code value="Reference" />
        <targetProfile value="Environment" />
      </type>
    </element>
  </differential>
</StructureDefinition>