<?xml version="1.0" encoding="utf-8"?>
<StructureDefinition xmlns="http://hl7.org/fhir">
  <url value="http://example.org/fhir/StructureDefinition/HNInspiredOxygen" />
  <name value="HNInspiredOxygen" />
  <status value="draft" />
  <fhirVersion value="3.0.1" />
  <kind value="complex-type" />
  <abstract value="false" />
  <contextType value="resource" />
  <context value="Observation" />
  <type value="Extension" />
  <baseDefinition value="http://hl7.org/fhir/StructureDefinition/Extension" />
  <derivation value="constraint" />
  <differential>
    <element id="Extension">
      <path value="Extension" />
      <short value="Optional Extensions Element" />
      <definition value="Optional Extension Element - found in all resources." />
      <constraint>
        <key value="ext-1" />
        <severity value="error" />
        <human value="Must have either extensions or value[x], not both" />
        <expression value="extension.exists() != value.exists()" />
        <xpath value="exists(f:extension)!=exists(f:*[starts-with(local-name(.), 'value')])" />
      </constraint>
      <mapping>
        <identity value="rim" />
        <map value="N/A" />
      </mapping>
    </element>
    <element id="Extension.extension">
      <path value="Extension.extension" />
      <slicing>
        <discriminator>
          <type value="value" />
          <path value="url" />
        </discriminator>
        <rules value="open" />
      </slicing>
    </element>
    <element id="Extension.extension:Flow">
      <path value="Extension.extension" />
      <sliceName value="Flow" />
      <max value="1" />
    </element>
    <element id="Extension.extension:Flow.url">
      <path value="Extension.extension.url" />
      <fixedUri value="Flow" />
    </element>
    <element id="Extension.extension:Flow.value[x]:valueQuantity">
      <path value="Extension.extension.valueQuantity" />
      <sliceName value="valueQuantity" />
      <type>
        <code value="Quantity" />
      </type>
    </element>
    <element id="Extension.extension:FiO2">
      <path value="Extension.extension" />
      <sliceName value="FiO2" />
      <max value="1" />
    </element>
    <element id="Extension.extension:FiO2.url">
      <path value="Extension.extension.url" />
      <fixedUri value="FiO2" />
    </element>
    <element id="Extension.extension:FiO2.value[x]:valueQuantity">
      <path value="Extension.extension.valueQuantity" />
      <sliceName value="valueQuantity" />
      <type>
        <code value="Quantity" />
      </type>
    </element>
    <element id="Extension.extension:O2percentage">
      <path value="Extension.extension" />
      <sliceName value="O2percentage" />
    </element>
    <element id="Extension.extension:O2percentage.url">
      <path value="Extension.extension.url" />
      <fixedUri value="O2percentage" />
    </element>
    <element id="Extension.extension:O2percentage.value[x]:valueRatio">
      <path value="Extension.extension.valueRatio" />
      <sliceName value="valueRatio" />
      <type>
        <code value="Ratio" />
      </type>
    </element>
    <element id="Extension.extension:oninroomair">
      <path value="Extension.extension" />
      <sliceName value="oninroomair" />
    </element>
    <element id="Extension.extension:oninroomair.url">
      <path value="Extension.extension.url" />
      <fixedUri value="oninroomair" />
    </element>
    <element id="Extension.extension:oninroomair.value[x]:valueBoolean">
      <path value="Extension.extension.valueBoolean" />
      <sliceName value="valueBoolean" />
      <type>
        <code value="boolean" />
      </type>
    </element>
    <element id="Extension.extension:oxygenadministrationmethod">
      <path value="Extension.extension" />
      <sliceName value="oxygenadministrationmethod" />
      <max value="1" />
    </element>
    <element id="Extension.extension:oxygenadministrationmethod.url">
      <path value="Extension.extension.url" />
      <fixedUri value="oxygenadministrationmethod" />
    </element>
    <element id="Extension.extension:oxygenadministrationmethod.value[x]">
      <path value="Extension.extension.value[x]" />
      <type>
        <code value="Annotation" />
      </type>
      <type>
        <code value="CodeableConcept" />
      </type>
    </element>
    <element id="Extension.url">
      <path value="Extension.url" />
      <fixedUri value="http://example.org/fhir/StructureDefinition/HNInspiredOxygen" />
    </element>
    <element id="Extension.value[x]">
      <path value="Extension.value[x]" />
      <label value="Flow" />
      <max value="0" />
    </element>
  </differential>
</StructureDefinition>