<?xml version="1.0" encoding="utf-8"?>
<StructureDefinition xmlns="http://hl7.org/fhir">
  <url value="http://example.org/fhir/StructureDefinition/HNOxygenSaturation" />
  <name value="HNOxygenSaturation" />
  <status value="draft" />
  <fhirVersion value="3.0.1" />
  <kind value="resource" />
  <abstract value="false" />
  <type value="Observation" />
  <baseDefinition value="http://hl7.org/fhir/StructureDefinition/oxygensat" />
  <derivation value="constraint" />
  <differential>
    <element id="Observation.extension">
      <path value="Observation.extension" />
      <slicing>
        <discriminator>
          <type value="value" />
          <path value="url" />
        </discriminator>
        <rules value="open" />
      </slicing>
    </element>
    <element id="Observation.extension:levelofexertion">
      <path value="Observation.extension" />
      <sliceName value="levelofexertion" />
      <min value="0" />
      <max value="1" />
      <type>
        <code value="Extension" />
        <profile value="http://example.org/fhir/StructureDefinition/HNExertion" />
      </type>
    </element>
    <element id="Observation.code.coding:SpO2Code">
      <path value="Observation.code.coding" />
      <sliceName value="SpO2Code" />
      <max value="1" />
    </element>
    <element id="Observation.code.coding:SpOCCode">
      <path value="Observation.code.coding" />
      <sliceName value="SpOCCode" />
      <max value="1" />
    </element>
    <element id="Observation.code.coding:SpMetCode">
      <path value="Observation.code.coding" />
      <sliceName value="SpMetCode" />
      <max value="1" />
    </element>
  </differential>
</StructureDefinition>