<?xml version="1.0" encoding="utf-8"?>
<ValueSet xmlns="http://hl7.org/fhir">
  <id value="HNMeasurementMethodForHeartRateValueSet" />
  <meta>
    <lastUpdated value="2018-12-27T22:37:54.724+11:00" />
    <profile value="http://hl7.org/fhir/StructureDefinition/shareablevalueset" />
  </meta>
  <text>
    <status value="generated" />
    <div xmlns="http://www.w3.org/1999/xhtml">
      <h2> SNOMED CT Body Structures</h2>
      <div>
        <p> This value set includes all codes from 
          <a href="http://snomed.info/sct">SNOMED CT</a>  where concept is-a 424724000 424724000 |Body position for blood pressure measurement (observable entity).
        </p>
      </div>
      <p>
        <b> Copyright Statement:</b>  This resource includes content from SNOMED Clinical TermsÂ® (SNOMED CTÂ®) which is copyright
         of the International Health Terminology Standards Development Organisation (IHTSDO). Implementers
         of these specifications must have the appropriate SNOMED CT Affiliate license - for more
         information contact http://www.snomed.org/snomed-ct/get-snomed-ct or info@snomed.org
      </p>
      <p> This value set includes codes from the following code systems:</p>
      <ul>
        <li> Include codes from 
          <a href="http://www.snomed.org/"><code> http://snomed.info/sct</code></a>  where concept  is-a  424724000 424724000 |Body position for blood pressure measurement (observable entity)
        </li>
      </ul>
    </div>
  </text>
  <extension url="http://hl7.org/fhir/StructureDefinition/structuredefinition-wg">
    <valueCode value="oo" />
  </extension>
  <extension url="http://hl7.org/fhir/StructureDefinition/structuredefinition-standards-status">
    <valueCode value="draft" />
  </extension>
  <extension url="http://hl7.org/fhir/StructureDefinition/structuredefinition-fmm">
    <valueInteger value="1" />
  </extension>
  <url value="http://helse-nord.no/fhir/ValueSet/HNMeasurementMethodForHeartRateValueSet" />
  <version value="4.0.0" />
  <name value="SNOMEDCTBodyStructures" />
  <title value="SNOMED CT Body Structures" />
  <status value="draft" />
  <experimental value="false" />
  <date value="2018-12-27T22:37:54+11:00" />
  <publisher value="FHIR Project team" />
  <contact>
    <telecom>
      <system value="url" />
      <value value="http://hl7.org/fhir" />
    </telecom>
  </contact>
  <description value="This value set includes all codes from [SNOMED CT](http://snomed.info/sct) where concept    is-a 424724000 (Anatomical or acquired body site (body structure))." />
  <copyright value="This resource includes content from SNOMED Clinical TermsÂ® (SNOMED CTÂ®) which is copyright    of the International Health Terminology Standards Development Organisation (IHTSDO). Implementers    of these specifications must have the appropriate SNOMED CT Affiliate license - for more    information contact http://www.snomed.org/snomed-ct/get-snomed-ct or info@snomed.org" />
  <compose>
    <include>
      <system value="http://snomed.info/sct" />
      <concept>
        <code value="1*1" />
        <display value="Auscultation" />
      </concept>
      <concept>
        <code value="1*2" />
        <display value="Palpation" />
      </concept>
      <concept>
        <code value="1*3" />
        <display value="Automatic,non-invasively" />
      </concept>
	  <concept>
        <code value="1*4" />
        <display value="Automatic,invasively" />
      </concept>
      <filter>
        <property value="concept" />
        <op value="is-a" />
        <value value="424724000" />
      </filter>
    </include>
  </compose>
</ValueSet>